CREATE TABLE `product_attributes` (
  `uuid` binary(16) NOT NULL,
  `name` varchar(191) COLLATE utf8mb4_unicode_ci NOT NULL,
  PRIMARY KEY (`uuid`),
  UNIQUE KEY `name` (`name`)
) ENGINE=InnoDB DEFAULT CHARSET=utf8mb4 COLLATE=utf8mb4_unicode_ci;

INSERT INTO `product_attributes` (`uuid`, `name`) VALUES
(UNHEX('45C11151A5A011E6B96549A941530A3A'),	'application'),
(UNHEX('45C11152A5A011E6B96549A941530A3A'),	'format'),
(UNHEX('45C0EA42A5A011E6B96549A941530A3A'),	'manufacturer'),
(UNHEX('45C0EA41A5A011E6B96549A941530A3A'),	'name'),
(UNHEX('45C11156A5A011E6B96549A941530A3A'),	'price'),
(UNHEX('45C11153A5A011E6B96549A941530A3A'),	'range'),
(UNHEX('45C11154A5A011E6B96549A941530A3A'),	'sensitivity'),
(UNHEX('45C11155A5A011E6B96549A941530A3A'),	'size'),
(UNHEX('45C0EA40A5A011E6B96549A941530A3A'),	'sku'),
(UNHEX('45C11150A5A011E6B96549A941530A3A'),	'species');

CREATE TABLE `product_db_version` (
  `id` tinyint(1) unsigned NOT NULL DEFAULT '1',
  `version` int(10) unsigned NOT NULL DEFAULT '0',
  `running` tinyint(3) unsigned NOT NULL DEFAULT '0',
  PRIMARY KEY (`id`)
) ENGINE=InnoDB DEFAULT CHARSET=ascii COLLATE=ascii_bin COMMENT='Used for automatic database versioning. Do not modify!';

INSERT INTO `product_db_version` (`id`, `version`, `running`) VALUES
(1,	2,	0);

CREATE TABLE `product_products` (
  `uuid` binary(16) NOT NULL,
  `created` datetime NOT NULL DEFAULT CURRENT_TIMESTAMP,
  PRIMARY KEY (`uuid`)
) ENGINE=InnoDB DEFAULT CHARSET=ascii COLLATE=ascii_bin;

INSERT INTO `product_products` (`uuid`, `created`) VALUES
(UNHEX('444D5D10A5A011E6926D7D3992DC0540'),	'2016-11-08 10:44:04'),
(UNHEX('444D8420A5A011E6926D7D3992DC0540'),	'2016-11-08 10:44:04');

CREATE TABLE `product_product_attributes` (
  `productUuid` binary(16) NOT NULL,
  `attributeUuid` binary(16) NOT NULL,
  `data` text COLLATE utf8mb4_unicode_ci NOT NULL,
  KEY `productUuid` (`productUuid`),
  KEY `attributeUuid` (`attributeUuid`),
  CONSTRAINT `product_product_attributes_ibfk_1` FOREIGN KEY (`productUuid`) REFERENCES `product_products` (`uuid`) ON DELETE NO ACTION,
  CONSTRAINT `product_product_attributes_ibfk_2` FOREIGN KEY (`attributeUuid`) REFERENCES `product_attributes` (`uuid`) ON DELETE NO ACTION
) ENGINE=InnoDB DEFAULT CHARSET=utf8mb4 COLLATE=utf8mb4_unicode_ci;

INSERT INTO `product_product_attributes` (`productUuid`, `attributeUuid`, `data`) VALUES
(UNHEX('444D8420A5A011E6926D7D3992DC0540'),	UNHEX('45C0EA40A5A011E6B96549A941530A3A'),	'NB7McP.Db'),
(UNHEX('444D8420A5A011E6926D7D3992DC0540'),	UNHEX('45C0EA41A5A011E6B96549A941530A3A'),	'6LQFaNU5J62QWM1nJ6wD'),
(UNHEX('444D8420A5A011E6926D7D3992DC0540'),	UNHEX('45C0EA42A5A011E6B96549A941530A3A'),	'NBS Internal'),
(UNHEX('444D8420A5A011E6926D7D3992DC0540'),	UNHEX('45C11150A5A011E6B96549A941530A3A'),	'rat'),
(UNHEX('444D8420A5A011E6926D7D3992DC0540'),	UNHEX('45C11151A5A011E6B96549A941530A3A'),	'95E8e5Yxk3'),
(UNHEX('444D8420A5A011E6926D7D3992DC0540'),	UNHEX('45C11152A5A011E6B96549A941530A3A'),	'Qh44'),
(UNHEX('444D8420A5A011E6926D7D3992DC0540'),	UNHEX('45C11153A5A011E6B96549A941530A3A'),	'0num7KE2hj'),
(UNHEX('444D8420A5A011E6926D7D3992DC0540'),	UNHEX('45C11154A5A011E6B96549A941530A3A'),	'xd76M'),
(UNHEX('444D8420A5A011E6926D7D3992DC0540'),	UNHEX('45C11155A5A011E6B96549A941530A3A'),	'8'),
(UNHEX('444D8420A5A011E6926D7D3992DC0540'),	UNHEX('45C11156A5A011E6B96549A941530A3A'),	'61'),
(UNHEX('444D5D10A5A011E6926D7D3992DC0540'),	UNHEX('45C0EA40A5A011E6B96549A941530A3A'),	'FYDkjVO2O'),
(UNHEX('444D5D10A5A011E6926D7D3992DC0540'),	UNHEX('45C0EA41A5A011E6B96549A941530A3A'),	'e6UFQnX2TErHobYlw43b'),
(UNHEX('444D5D10A5A011E6926D7D3992DC0540'),	UNHEX('45C0EA42A5A011E6B96549A941530A3A'),	'Fomme AB'),
(UNHEX('444D5D10A5A011E6926D7D3992DC0540'),	UNHEX('45C11150A5A011E6B96549A941530A3A'),	'mouse'),
(UNHEX('444D5D10A5A011E6926D7D3992DC0540'),	UNHEX('45C11151A5A011E6B96549A941530A3A'),	'Bgw2KNssXt'),
(UNHEX('444D5D10A5A011E6926D7D3992DC0540'),	UNHEX('45C11152A5A011E6B96549A941530A3A'),	'Jl4P'),
(UNHEX('444D5D10A5A011E6926D7D3992DC0540'),	UNHEX('45C11153A5A011E6B96549A941530A3A'),	'Xk1v9CwHmh'),
(UNHEX('444D5D10A5A011E6926D7D3992DC0540'),	UNHEX('45C11154A5A011E6B96549A941530A3A'),	'0sP0d'),
(UNHEX('444D5D10A5A011E6926D7D3992DC0540'),	UNHEX('45C11155A5A011E6B96549A941530A3A'),	'4'),
(UNHEX('444D5D10A5A011E6926D7D3992DC0540'),	UNHEX('45C11156A5A011E6B96549A941530A3A'),	'965');
